﻿<parameters>
  <parameter name="IIS Web Application Name" defaultValue="shipr" tags="IisApp">
    <parameterEntry kind="ProviderPath" scope="IisApp" match="^C:\\Users\\anunag\\Source\\Repos\\SHIPPINGS\\Shippings\\SHIPR\\obj\\Release\\Package\\PackageTmp$" />
    <parameterEntry kind="ProviderPath" scope="setAcl" match="^C:\\Users\\anunag\\Source\\Repos\\SHIPPINGS\\Shippings\\SHIPR\\obj\\Release\\Package\\PackageTmp$" />
  </parameter>
  <parameter name="Cc_product-Web.config Connection String" defaultValue="Data Source=10.241.3.91;Initial Catalog=cc_product;User ID=cc_siteserver;Password=bolehs;Min Pool Size=5;Max Pool Size=100">
    <parameterEntry kind="XmlFile" scope="C:\\Users\\anunag\\Source\\Repos\\SHIPPINGS\\Shippings\\SHIPR\\obj\\Release\\Package\\PackageTmp\\Web\.config$" match="/configuration/connectionStrings/add[@name='Cc_product']/@connectionString" />
  </parameter>
  <parameter name="Gman-Web.config Connection String" defaultValue="Data Source=CSESQL2;Initial Catalog=MIS;User ID=GReader;Password=ugadayka;Min Pool Size=5;Max Pool Size=100">
    <parameterEntry kind="XmlFile" scope="C:\\Users\\anunag\\Source\\Repos\\SHIPPINGS\\Shippings\\SHIPR\\obj\\Release\\Package\\PackageTmp\\Web\.config$" match="/configuration/connectionStrings/add[@name='Gman']/@connectionString" />
  </parameter>
  <parameter name="Rap-Web.config Connection String" defaultValue="Data Source=storsqldev01;Initial Catalog=RAP;User ID=devusrprod;Password=DevSeqlU$e;Min Pool Size=5;Max Pool Size=100">
    <parameterEntry kind="XmlFile" scope="C:\\Users\\anunag\\Source\\Repos\\SHIPPINGS\\Shippings\\SHIPR\\obj\\Release\\Package\\PackageTmp\\Web\.config$" match="/configuration/connectionStrings/add[@name='Rap']/@connectionString" />
  </parameter>
  <parameter name="Rap-Deployment Connection String" defaultValue="Data Source=storsqldev01;Initial Catalog=RAP;User ID=devusrprod;Password=DevSeqlU$e;Min Pool Size=5;Max Pool Size=100" tags="SqlConnectionString">
    <parameterEntry kind="ProviderPath" scope="DbDacFx" match="^C:\\Users\\anunag\\Source\\Repos\\SHIPPINGS\\Shippings\\SHIPR\\obj\\Release\\AutoScripts\\Rap_IncrementalSchemaOnly\.dacpac$" />
  </parameter>
</parameters>